"Dataset","Age 16+"

"Measure","Active","Active - 150-599 MVPA","Active - 600+ MVPA"
"Geography","Adur","Allerdale","Amber Valley","Arun","Ashfield","Ashford","Aylesbury Vale","Babergh","Barking and Dagenham","Barnet","Barnsley","Barrow-in-Furness","Basildon","Basingstoke and Deane","Bassetlaw","Bath and North East Somerset","Bedford","Bexley","Birmingham","Blaby","Blackburn with Darwen ","Blackpool ","Bolsover","Bolton","Boston","Bournemouth ","Bracknell Forest ","Bradford","Braintree","Breckland","Brent","Brentwood","Brighton and Hove ","Bristol, City of, ","Broadland","Bromley","Bromsgrove","Broxbourne","Broxtowe","Burnley","Bury","Calderdale","Cambridge","Camden","Cannock Chase","Canterbury","Carlisle","Castle Point","Central Bedfordshire","Charnwood","Chelmsford","Cheltenham","Cherwell","Cheshire East","Cheshire West and Chester","Chesterfield","Chichester","Chiltern","Chorley","Christchurch","City of London","Colchester","Copeland","Corby","Cornwall","Cotswold","County Durham","Coventry","Craven","Crawley","Croydon","Dacorum","Darlington","Dartford","Daventry","Derby","Derbyshire Dales","Doncaster","Dover","Dudley","Ealing","East Cambridgeshire","East Devon","East Dorset","East Hampshire","East Hertfordshire","East Lindsey","East Northamptonshire","East Riding of Yorkshire","East Staffordshire","Eastbourne","Eastleigh","Eden","Elmbridge","Enfield","Epping Forest","Epsom and Ewell","Erewash","Exeter","Fareham","Fenland","Forest Heath","Forest of Dean","Fylde","Gateshead","Gedling","Gloucester","Gosport","Gravesham","Great Yarmouth","Greenwich","Guildford","Hackney","Halton","Hambleton","Hammersmith and Fulham","Harborough","Haringey","Harlow","Harrogate","Harrow","Hart","Hartlepool","Hastings","Havant","Havering","Herefordshire (County of)","Hertsmere","High Peak","Hillingdon","Hinckley and Bosworth","Horsham","Hounslow","Huntingdonshire","Hyndburn","Ipswich","Isle of Wight ","Isles of Scilly","Islington","Kensington and Chelsea","Kettering","King's Lynn and West Norfolk","Kingston upon Hull, City of","Kingston upon Thames","Kirklees","Knowsley","Lambeth","Lancaster","Leeds","Leicester","Lewes","Lewisham","Lichfield","Lincoln","Liverpool","Luton","Maidstone","Maldon","Malvern Hills","Manchester","Mansfield","Medway ","Melton","Mendip","Merton","Mid Devon","Mid Suffolk","Mid Sussex","Middlesbrough","Milton Keynes ","Mole Valley","New Forest","Newark and Sherwood","Newcastle upon Tyne","Newcastle-under-Lyme","Newham","North Devon","North Dorset","North East Derbyshire","North East Lincolnshire","North Hertfordshire","North Kesteven","North Lincolnshire","North Norfolk","North Somerset ","North Tyneside","North Warwickshire","North West Leicestershire","Northampton","Northumberland","Norwich","Nottingham City","Nuneaton and Bedworth","Oadby and Wigston","Oldham","Oxford","Pendle","Peterborough","Plymouth","Poole ","Portsmouth ","Preston","Purbeck","Reading ","Redbridge","Redcar & Cleveland","Redditch","Reigate and Banstead","Ribble Valley","Richmond upon Thames","Richmondshire","Rochdale","Rochford","Rossendale","Rother","Rotherham","Rugby","Runnymede","Rushcliffe","Rushmoor","Rutland","Ryedale","Salford","Sandwell","Scarborough","Sedgemoor","Sefton","Selby","Sevenoaks","Sheffield","Shepway","Shropshire","Slough ","Solihull","South Bucks","South Cambridgeshire","South Derbyshire","South Gloucestershire","South Hams","South Holland","South Kesteven","South Lakeland","South Norfolk","South Northamptonshire","South Oxfordshire","South Ribble","South Somerset","South Staffordshire","South Tyneside","Southampton ","Southend-on-Sea","Southwark","Spelthorne","St. Albans","St. Edmundsbury","St. Helens","Stafford","Staffordshire Moorlands","Stevenage","Stockport","Stockton-on-Tees","Stoke-on-Trent","Stratford-on-Avon","Stroud","Suffolk Coastal","Sunderland","Surrey Heath","Sutton","Swale","Swindon","Tameside","Tamworth","Tandridge","Taunton Deane","Teignbridge","Telford and Wrekin","Tendring","Test Valley","Tewkesbury","Thanet","Three Rivers","Thurrock","Tonbridge and Malling","Torbay ","Torridge","Tower Hamlets","Trafford","Tunbridge Wells","Uttlesford","Vale of White Horse","Wakefield","Walsall","Waltham Forest","Wandsworth","Warrington ","Warwick","Watford","Waveney","Waverley","Wealden","Wellingborough","Welwyn Hatfield","West Berkshire ","West Devon","West Dorset","West Lancashire","West Lindsey","West Oxfordshire","West Somerset","Westminster","Weymouth and Portland","Wigan","Wiltshire","Winchester","Windsor and Maidenhead ","Wirral","Woking","Wokingham ","Wolverhampton","Worcester","Worthing","Wychavon","Wycombe","Wyre","Wyre Forest","York "
"Time period","2012 (Mid-January 2012 to Mid-January 2013)","2013 (Mid-January 2013 to Mid-January 2014)","2014 (Mid-January 2014 to Mid-January 2015)"

"","","","Time period","Time period","Time period"
"","","","2012 (Mid-January 2012 to Mid-January 2013)","2013 (Mid-January 2013 to Mid-January 2014)","2014 (Mid-January 2014 to Mid-January 2015)"
"Active","Geography","Adur","48.3%","57.5%","58.8%"
"Active","Geography","Allerdale","51.3%","58.7%","56.5%"
"Active","Geography","Amber Valley","57.2%","55.3%","58.2%"
"Active","Geography","Arun","61.9%","55.7%","50.7%"
"Active","Geography","Ashfield","54.4%","56.8%","50.8%"
"Active","Geography","Ashford","54.4%","57.3%","52.9%"
"Active","Geography","Aylesbury Vale","51.7%","64.1%","61.5%"
"Active","Geography","Babergh","57.2%","58.9%","58.8%"
"Active","Geography","Barking and Dagenham","47.9%","46.2%","46.4%"
"Active","Geography","Barnet","55.1%","55.1%","58.5%"
"Active","Geography","Barnsley","49.5%","51.6%","45.8%"
"Active","Geography","Barrow-in-Furness","57.4%","49.9%","52.6%"
"Active","Geography","Basildon","55.8%","56.3%","55.4%"
"Active","Geography","Basingstoke and Deane","54.8%","57.6%","56.4%"
"Active","Geography","Bassetlaw","55.3%","59.5%","59.5%"
"Active","Geography","Bath and North East Somerset","61.4%","63.0%","64.0%"
"Active","Geography","Bedford","57.6%","61.8%","59.4%"
"Active","Geography","Bexley","50.2%","53.1%","52.2%"
"Active","Geography","Birmingham","43.1%","51.5%","54.1%"
"Active","Geography","Blaby","58.3%","63.3%","59.5%"
"Active","Geography","Blackburn with Darwen ","47.4%","51.4%","48.8%"
"Active","Geography","Blackpool ","47.3%","47.1%","52.5%"
"Active","Geography","Bolsover","50.2%","52.0%","44.9%"
"Active","Geography","Bolton","51.5%","49.0%","60.0%"
"Active","Geography","Boston","48.6%","50.2%","54.6%"
"Active","Geography","Bournemouth ","61.7%","57.3%","55.0%"
"Active","Geography","Bracknell Forest ","59.3%","62.5%","59.7%"
"Active","Geography","Bradford","47.9%","53.6%","50.6%"
"Active","Geography","Braintree","57.2%","56.2%","54.9%"
"Active","Geography","Breckland","52.3%","56.5%","56.6%"
"Active","Geography","Brent","51.5%","48.1%","52.2%"
"Active","Geography","Brentwood","63.3%","62.8%","62.1%"
"Active","Geography","Brighton and Hove ","62.8%","63.8%","56.2%"
"Active","Geography","Bristol, City of, ","54.4%","58.1%","61.3%"
"Active","Geography","Broadland","60.7%","57.3%","59.6%"
"Active","Geography","Bromley","61.0%","58.7%","60.2%"
"Active","Geography","Bromsgrove","60.5%","60.6%","65.7%"
"Active","Geography","Broxbourne","55.3%","61.2%","56.1%"
"Active","Geography","Broxtowe","55.3%","60.8%","61.5%"
"Active","Geography","Burnley","51.5%","47.7%","47.6%"
"Active","Geography","Bury","52.0%","55.1%","52.2%"
"Active","Geography","Calderdale","49.5%","56.7%","53.0%"
"Active","Geography","Cambridge","64.0%","66.9%","76.8%"
"Active","Geography","Camden","55.6%","61.5%","65.5%"
"Active","Geography","Cannock Chase","52.0%","49.2%","48.2%"
"Active","Geography","Canterbury","59.1%","58.4%","53.7%"
"Active","Geography","Carlisle","52.9%","55.9%","52.4%"
"Active","Geography","Castle Point","60.4%","56.0%","51.8%"
"Active","Geography","Central Bedfordshire","55.7%","53.8%","60.9%"
"Active","Geography","Charnwood","60.7%","53.7%","62.5%"
"Active","Geography","Chelmsford","61.0%","59.7%","62.7%"
"Active","Geography","Cheltenham","59.5%","61.7%","59.4%"
"Active","Geography","Cherwell","58.5%","62.3%","60.8%"
"Active","Geography","Cheshire East","61.7%","56.2%","56.4%"
"Active","Geography","Cheshire West and Chester","55.4%","57.9%","63.9%"
"Active","Geography","Chesterfield","56.4%","53.6%","51.6%"
"Active","Geography","Chichester","58.7%","63.6%","57.1%"
"Active","Geography","Chiltern","61.2%","61.3%","62.5%"
"Active","Geography","Chorley","60.9%","63.2%","60.5%"
"Active","Geography","Christchurch","57.1%","55.7%","59.7%"
"Active","Geography","City of London","62.3%","56.4%","50.4%"
"Active","Geography","Colchester","55.1%","58.4%","63.8%"
"Active","Geography","Copeland","53.3%","55.0%","52.1%"
"Active","Geography","Corby","51.9%","48.6%","60.1%"
"Active","Geography","Cornwall","52.4%","60.9%","58.6%"
"Active","Geography","Cotswold","62.3%","59.8%","64.2%"
"Active","Geography","County Durham","51.4%","51.4%","55.5%"
"Active","Geography","Coventry","48.1%","52.0%","55.4%"
"Active","Geography","Craven","57.6%","57.9%","60.3%"
"Active","Geography","Crawley","57.6%","56.1%","54.1%"
"Active","Geography","Croydon","55.7%","56.0%","57.1%"
"Active","Geography","Dacorum","57.7%","51.0%","57.5%"
"Active","Geography","Darlington","52.8%","52.9%","56.0%"
"Active","Geography","Dartford","52.4%","56.6%","55.8%"
"Active","Geography","Daventry","59.9%","61.7%","62.6%"
"Active","Geography","Derby","53.9%","56.8%","58.9%"
"Active","Geography","Derbyshire Dales","59.8%","63.6%","60.4%"
"Active","Geography","Doncaster","52.8%","55.1%","50.9%"
"Active","Geography","Dover","55.8%","54.8%","61.0%"
"Active","Geography","Dudley","46.9%","47.3%","53.4%"
"Active","Geography","Ealing","51.9%","49.6%","55.9%"
"Active","Geography","East Cambridgeshire","56.1%","57.6%","58.0%"
"Active","Geography","East Devon","55.3%","63.7%","60.2%"
"Active","Geography","East Dorset","57.2%","60.9%","64.4%"
"Active","Geography","East Hampshire","59.6%","59.3%","65.7%"
"Active","Geography","East Hertfordshire","58.2%","69.7%","61.4%"
"Active","Geography","East Lindsey","48.7%","55.3%","57.4%"
"Active","Geography","East Northamptonshire","56.3%","56.2%","56.8%"
"Active","Geography","East Riding of Yorkshire","58.0%","59.4%","59.3%"
"Active","Geography","East Staffordshire","58.5%","55.7%","55.6%"
"Active","Geography","Eastbourne","54.5%","53.2%","59.4%"
"Active","Geography","Eastleigh","56.4%","60.1%","50.8%"
"Active","Geography","Eden","57.3%","61.0%","58.1%"
"Active","Geography","Elmbridge","57.6%","61.5%","64.9%"
"Active","Geography","Enfield","58.6%","52.4%","53.7%"
"Active","Geography","Epping Forest","56.5%","63.1%","56.7%"
"Active","Geography","Epsom and Ewell","58.9%","59.1%","59.1%"
"Active","Geography","Erewash","54.6%","52.3%","56.7%"
"Active","Geography","Exeter","62.3%","57.3%","64.0%"
"Active","Geography","Fareham","56.2%","60.7%","60.4%"
"Active","Geography","Fenland","50.1%","51.1%","52.1%"
"Active","Geography","Forest Heath","54.3%","56.2%","58.0%"
"Active","Geography","Forest of Dean","61.9%","53.3%","63.8%"
"Active","Geography","Fylde","50.3%","56.2%","52.9%"
"Active","Geography","Gateshead","49.9%","54.5%","55.8%"
"Active","Geography","Gedling","53.7%","64.4%","63.1%"
"Active","Geography","Gloucester","55.0%","49.8%","53.7%"
"Active","Geography","Gosport","52.6%","46.9%","56.5%"
"Active","Geography","Gravesham","55.3%","59.0%","55.5%"
"Active","Geography","Great Yarmouth","49.0%","55.0%","53.5%"
"Active","Geography","Greenwich","52.9%","54.3%","56.4%"
"Active","Geography","Guildford","58.7%","62.8%","64.4%"
"Active","Geography","Hackney","57.0%","59.8%","59.5%"
"Active","Geography","Halton","49.5%","51.5%","48.4%"
"Active","Geography","Hambleton","62.5%","58.0%","61.0%"
"Active","Geography","Hammersmith and Fulham","63.9%","64.0%","64.2%"
"Active","Geography","Harborough","62.6%","63.4%","61.8%"
"Active","Geography","Haringey","60.3%","58.5%","59.1%"
"Active","Geography","Harlow","48.0%","49.6%","52.0%"
"Active","Geography","Harrogate","59.7%","57.2%","59.3%"
"Active","Geography","Harrow","53.4%","51.7%","51.4%"
"Active","Geography","Hart","62.6%","60.9%","60.8%"
"Active","Geography","Hartlepool","48.6%","47.1%","51.2%"
"Active","Geography","Hastings","56.2%","54.7%","55.5%"
"Active","Geography","Havant","50.3%","50.2%","50.4%"
"Active","Geography","Havering","55.1%","50.5%","57.0%"
"Active","Geography","Herefordshire (County of)","56.4%","60.4%","61.3%"
"Active","Geography","Hertsmere","56.2%","59.8%","50.7%"
"Active","Geography","High Peak","58.2%","57.4%","61.5%"
"Active","Geography","Hillingdon","56.1%","57.4%","55.0%"
"Active","Geography","Hinckley and Bosworth","60.9%","57.0%","55.8%"
"Active","Geography","Horsham","63.4%","61.2%","63.8%"
"Active","Geography","Hounslow","54.2%","51.9%","56.2%"
"Active","Geography","Huntingdonshire","61.4%","60.1%","62.8%"
"Active","Geography","Hyndburn","46.2%","47.4%","54.3%"
"Active","Geography","Ipswich","53.9%","55.6%","54.3%"
"Active","Geography","Isle of Wight ","56.5%","55.9%","53.2%"
"Active","Geography","Isles of Scilly","62.1%","69.2%","69.6%"
"Active","Geography","Islington","61.3%","62.0%","66.2%"
"Active","Geography","Kensington and Chelsea","65.0%","57.5%","56.1%"
"Active","Geography","Kettering","58.4%","54.4%","53.2%"
"Active","Geography","King's Lynn and West Norfolk","55.8%","56.7%","56.5%"
"Active","Geography","Kingston upon Hull, City of","42.8%","49.8%","57.4%"
"Active","Geography","Kingston upon Thames","55.6%","63.0%","60.6%"
"Active","Geography","Kirklees","55.1%","49.8%","48.1%"
"Active","Geography","Knowsley","50.5%","50.0%","45.7%"
"Active","Geography","Lambeth","63.5%","67.0%","64.1%"
"Active","Geography","Lancaster","56.1%","52.3%","60.5%"
"Active","Geography","Leeds","57.8%","57.7%","63.8%"
"Active","Geography","Leicester","47.8%","48.4%","52.2%"
"Active","Geography","Lewes","62.2%","60.3%","60.0%"
"Active","Geography","Lewisham","53.7%","58.1%","57.1%"
"Active","Geography","Lichfield","59.0%","58.7%","56.6%"
"Active","Geography","Lincoln","57.5%","56.3%","53.7%"
"Active","Geography","Liverpool","49.7%","49.5%","47.6%"
"Active","Geography","Luton","47.5%","52.3%","45.1%"
"Active","Geography","Maidstone","59.6%","58.7%","59.3%"
"Active","Geography","Maldon","60.9%","61.6%","60.3%"
"Active","Geography","Malvern Hills","61.7%","58.6%","61.7%"
"Active","Geography","Manchester","49.5%","57.8%","53.4%"
"Active","Geography","Mansfield","51.8%","50.2%","53.3%"
"Active","Geography","Medway ","53.0%","48.5%","54.2%"
"Active","Geography","Melton","63.2%","56.1%","58.4%"
"Active","Geography","Mendip","59.2%","61.6%","58.2%"
"Active","Geography","Merton","54.0%","59.8%","60.5%"
"Active","Geography","Mid Devon","57.6%","58.2%","62.4%"
"Active","Geography","Mid Suffolk","56.8%","62.8%","56.0%"
"Active","Geography","Mid Sussex","59.9%","53.9%","61.9%"
"Active","Geography","Middlesbrough","52.3%","49.3%","52.8%"
"Active","Geography","Milton Keynes ","56.2%","56.8%","58.7%"
"Active","Geography","Mole Valley","59.4%","61.3%","63.7%"
"Active","Geography","New Forest","66.2%","61.1%","60.6%"
"Active","Geography","Newark and Sherwood","56.7%","54.3%","62.3%"
"Active","Geography","Newcastle upon Tyne","56.4%","55.2%","59.0%"
"Active","Geography","Newcastle-under-Lyme","53.2%","58.4%","51.8%"
"Active","Geography","Newham","50.2%","43.5%","50.4%"
"Active","Geography","North Devon","54.0%","59.4%","59.3%"
"Active","Geography","North Dorset","61.3%","60.4%","58.6%"
"Active","Geography","North East Derbyshire","56.0%","54.3%","55.0%"
"Active","Geography","North East Lincolnshire","54.9%","52.1%","57.5%"
"Active","Geography","North Hertfordshire","56.8%","63.8%","62.2%"
"Active","Geography","North Kesteven","59.2%","62.1%","59.4%"
"Active","Geography","North Lincolnshire","54.5%","49.2%","53.3%"
"Active","Geography","North Norfolk","53.7%","57.7%","52.0%"
"Active","Geography","North Somerset ","55.8%","57.2%","61.8%"
"Active","Geography","North Tyneside","59.1%","55.2%","56.8%"
"Active","Geography","North Warwickshire","56.1%","61.0%","57.5%"
"Active","Geography","North West Leicestershire","58.9%","55.9%","57.7%"
"Active","Geography","Northampton","54.8%","55.6%","59.1%"
"Active","Geography","Northumberland","57.4%","51.9%","49.9%"
"Active","Geography","Norwich","59.7%","59.4%","61.1%"
"Active","Geography","Nottingham City","51.3%","52.4%","56.5%"
"Active","Geography","Nuneaton and Bedworth","51.6%","53.3%","52.2%"
"Active","Geography","Oadby and Wigston","53.9%","59.0%","62.6%"
"Active","Geography","Oldham","45.9%","50.6%","45.3%"
"Active","Geography","Oxford","62.1%","63.0%","65.9%"
"Active","Geography","Pendle","50.8%","49.3%","48.6%"
"Active","Geography","Peterborough","56.2%","54.6%","52.2%"
"Active","Geography","Plymouth","57.3%","51.8%","50.9%"
"Active","Geography","Poole ","51.9%","62.0%","61.7%"
"Active","Geography","Portsmouth ","50.2%","51.1%","61.1%"
"Active","Geography","Preston","52.3%","53.0%","57.2%"
"Active","Geography","Purbeck","55.2%","61.2%","53.8%"
"Active","Geography","Reading ","59.6%","56.6%","54.7%"
"Active","Geography","Redbridge","52.7%","52.2%","48.3%"
"Active","Geography","Redcar & Cleveland","53.2%","55.7%","49.6%"
"Active","Geography","Redditch","52.5%","59.3%","58.5%"
"Active","Geography","Reigate and Banstead","57.3%","65.9%","63.3%"
"Active","Geography","Ribble Valley","59.1%","62.6%","63.1%"
"Active","Geography","Richmond upon Thames","67.4%","66.4%","71.2%"
"Active","Geography","Richmondshire","57.7%","66.5%","61.0%"
"Active","Geography","Rochdale","51.1%","51.1%","48.9%"
"Active","Geography","Rochford","55.5%","57.1%","55.0%"
"Active","Geography","Rossendale","51.6%","53.3%","58.8%"
"Active","Geography","Rother","60.8%","53.7%","57.6%"
"Active","Geography","Rotherham","51.3%","50.4%","52.1%"
"Active","Geography","Rugby","53.6%","58.9%","59.3%"
"Active","Geography","Runnymede","57.9%","62.4%","59.5%"
"Active","Geography","Rushcliffe","65.5%","60.1%","62.6%"
"Active","Geography","Rushmoor","59.1%","52.9%","58.1%"
"Active","Geography","Rutland","60.5%","65.9%","64.6%"
"Active","Geography","Ryedale","60.6%","57.2%","65.7%"
"Active","Geography","Salford","44.7%","48.5%","50.5%"
"Active","Geography","Sandwell","43.0%","43.7%","47.1%"
"Active","Geography","Scarborough","47.1%","62.9%","51.4%"
"Active","Geography","Sedgemoor","54.1%","54.0%","56.1%"
"Active","Geography","Sefton","51.4%","55.4%","56.9%"
"Active","Geography","Selby","59.3%","64.5%","60.4%"
"Active","Geography","Sevenoaks","63.9%","62.8%","62.8%"
"Active","Geography","Sheffield","51.5%","58.3%","59.7%"
"Active","Geography","Shepway","48.5%","56.9%","59.3%"
"Active","Geography","Shropshire","57.1%","60.6%","63.2%"
"Active","Geography","Slough ","48.6%","52.7%","52.5%"
"Active","Geography","Solihull","55.8%","59.3%","61.4%"
"Active","Geography","South Bucks","59.0%","62.6%","58.9%"
"Active","Geography","South Cambridgeshire","61.9%","61.7%","67.3%"
"Active","Geography","South Derbyshire","58.0%","58.7%","59.7%"
"Active","Geography","South Gloucestershire","58.1%","57.5%","59.0%"
"Active","Geography","South Hams","63.3%","57.4%","54.4%"
"Active","Geography","South Holland","54.7%","51.2%","54.1%"
"Active","Geography","South Kesteven","59.4%","58.4%","60.7%"
"Active","Geography","South Lakeland","56.8%","62.4%","58.9%"
"Active","Geography","South Norfolk","62.3%","57.0%","58.7%"
"Active","Geography","South Northamptonshire","59.2%","60.4%","64.8%"
"Active","Geography","South Oxfordshire","61.2%","62.0%","62.8%"
"Active","Geography","South Ribble","52.9%","56.2%","55.8%"
"Active","Geography","South Somerset","56.8%","60.2%","60.6%"
"Active","Geography","South Staffordshire","53.1%","61.6%","56.6%"
"Active","Geography","South Tyneside","50.1%","52.6%","49.2%"
"Active","Geography","Southampton ","55.4%","58.6%","54.8%"
"Active","Geography","Southend-on-Sea","53.0%","55.6%","52.1%"
"Active","Geography","Southwark","56.6%","58.2%","62.6%"
"Active","Geography","Spelthorne","57.3%","58.3%","55.8%"
"Active","Geography","St. Albans","65.6%","63.6%","63.7%"
"Active","Geography","St. Edmundsbury","57.8%","57.0%","51.7%"
"Active","Geography","St. Helens","56.4%","46.8%","52.8%"
"Active","Geography","Stafford","56.8%","56.2%","56.5%"
"Active","Geography","Staffordshire Moorlands","56.5%","52.7%","56.7%"
"Active","Geography","Stevenage","52.4%","51.7%","54.1%"
"Active","Geography","Stockport","56.8%","55.3%","57.2%"
"Active","Geography","Stockton-on-Tees","52.8%","58.4%","53.9%"
"Active","Geography","Stoke-on-Trent","49.5%","45.6%","51.6%"
"Active","Geography","Stratford-on-Avon","58.1%","59.4%","60.3%"
"Active","Geography","Stroud","58.7%","60.7%","66.3%"
"Active","Geography","Suffolk Coastal","61.8%","65.7%","60.9%"
"Active","Geography","Sunderland","46.4%","48.9%","49.3%"
"Active","Geography","Surrey Heath","59.7%","59.4%","65.9%"
"Active","Geography","Sutton","61.1%","58.6%","59.9%"
"Active","Geography","Swale","52.7%","50.7%","54.1%"
"Active","Geography","Swindon","52.4%","51.6%","55.9%"
"Active","Geography","Tameside","48.6%","47.6%","50.7%"
"Active","Geography","Tamworth","54.5%","52.3%","48.7%"
"Active","Geography","Tandridge","64.9%","62.4%","65.1%"
"Active","Geography","Taunton Deane","58.6%","58.1%","58.7%"
"Active","Geography","Teignbridge","60.1%","57.2%","60.7%"
"Active","Geography","Telford and Wrekin","51.1%","48.9%","55.5%"
"Active","Geography","Tendring","50.9%","49.5%","55.1%"
"Active","Geography","Test Valley","60.6%","57.8%","59.1%"
"Active","Geography","Tewkesbury","60.7%","63.0%","50.8%"
"Active","Geography","Thanet","51.4%","48.4%","48.8%"
"Active","Geography","Three Rivers","63.9%","52.9%","60.9%"
"Active","Geography","Thurrock","53.2%","52.4%","52.8%"
"Active","Geography","Tonbridge and Malling","60.7%","60.3%","59.8%"
"Active","Geography","Torbay ","52.2%","52.8%","52.4%"
"Active","Geography","Torridge","58.0%","60.4%","61.5%"
"Active","Geography","Tower Hamlets","55.0%","54.2%","55.2%"
"Active","Geography","Trafford","56.0%","55.9%","62.5%"
"Active","Geography","Tunbridge Wells","64.0%","63.3%","57.5%"
"Active","Geography","Uttlesford","61.5%","65.3%","61.8%"
"Active","Geography","Vale of White Horse","59.1%","64.3%","65.4%"
"Active","Geography","Wakefield","55.4%","48.2%","54.5%"
"Active","Geography","Walsall","49.9%","50.7%","49.1%"
"Active","Geography","Waltham Forest","56.9%","58.8%","53.1%"
"Active","Geography","Wandsworth","64.5%","63.0%","66.5%"
"Active","Geography","Warrington ","56.0%","54.8%","53.5%"
"Active","Geography","Warwick","55.0%","63.3%","61.1%"
"Active","Geography","Watford","58.6%","56.6%","56.8%"
"Active","Geography","Waveney","50.5%","56.3%","61.1%"
"Active","Geography","Waverley","64.4%","59.2%","69.3%"
"Active","Geography","Wealden","62.8%","62.6%","62.4%"
"Active","Geography","Wellingborough","54.4%","56.1%","53.3%"
"Active","Geography","Welwyn Hatfield","52.5%","56.9%","57.4%"
"Active","Geography","West Berkshire ","58.0%","55.4%","61.6%"
"Active","Geography","West Devon","61.2%","62.7%","57.8%"
"Active","Geography","West Dorset","52.3%","56.5%","64.3%"
"Active","Geography","West Lancashire","56.3%","53.9%","53.9%"
"Active","Geography","West Lindsey","56.2%","53.3%","55.3%"
"Active","Geography","West Oxfordshire","63.5%","58.6%","59.7%"
"Active","Geography","West Somerset","59.2%","54.0%","55.1%"
"Active","Geography","Westminster","54.8%","57.4%","61.5%"
"Active","Geography","Weymouth and Portland","55.2%","49.1%","56.8%"
"Active","Geography","Wigan","47.1%","50.9%","50.1%"
"Active","Geography","Wiltshire","56.5%","58.1%","64.0%"
"Active","Geography","Winchester","63.5%","60.1%","63.4%"
"Active","Geography","Windsor and Maidenhead ","67.7%","60.6%","63.2%"
"Active","Geography","Wirral","54.1%","58.0%","59.4%"
"Active","Geography","Woking","61.2%","57.9%","59.6%"
"Active","Geography","Wokingham ","65.9%","62.3%","66.0%"
"Active","Geography","Wolverhampton","50.7%","54.1%","53.3%"
"Active","Geography","Worcester","56.4%","58.2%","62.8%"
"Active","Geography","Worthing","52.1%","59.6%","54.4%"
"Active","Geography","Wychavon","60.1%","57.7%","57.6%"
"Active","Geography","Wycombe","57.0%","55.9%","62.9%"
"Active","Geography","Wyre","49.4%","56.0%","52.2%"
"Active","Geography","Wyre Forest","56.1%","56.4%","54.5%"
"Active","Geography","York ","60.3%","66.2%","62.2%"

"Active - 150-599 MVPA","Geography","Adur","30.9%","30.6%","30.8%"
"Active - 150-599 MVPA","Geography","Allerdale","26.6%","23.7%","27.0%"
"Active - 150-599 MVPA","Geography","Amber Valley","29.7%","26.1%","33.1%"
"Active - 150-599 MVPA","Geography","Arun","32.7%","33.8%","29.0%"
"Active - 150-599 MVPA","Geography","Ashfield","31.0%","32.5%","29.3%"
"Active - 150-599 MVPA","Geography","Ashford","27.0%","33.5%","26.6%"
"Active - 150-599 MVPA","Geography","Aylesbury Vale","27.4%","34.8%","32.2%"
"Active - 150-599 MVPA","Geography","Babergh","26.3%","30.9%","30.3%"
"Active - 150-599 MVPA","Geography","Barking and Dagenham","30.4%","25.6%","25.4%"
"Active - 150-599 MVPA","Geography","Barnet","34.2%","30.7%","37.5%"
"Active - 150-599 MVPA","Geography","Barnsley","25.9%","27.0%","22.6%"
"Active - 150-599 MVPA","Geography","Barrow-in-Furness","29.7%","25.6%","24.6%"
"Active - 150-599 MVPA","Geography","Basildon","31.0%","32.7%","30.4%"
"Active - 150-599 MVPA","Geography","Basingstoke and Deane","29.9%","36.8%","31.7%"
"Active - 150-599 MVPA","Geography","Bassetlaw","29.0%","26.1%","33.9%"
"Active - 150-599 MVPA","Geography","Bath and North East Somerset","31.5%","40.1%","35.2%"
"Active - 150-599 MVPA","Geography","Bedford","27.8%","31.4%","34.8%"
"Active - 150-599 MVPA","Geography","Bexley","26.8%","31.9%","30.7%"
"Active - 150-599 MVPA","Geography","Birmingham","24.8%","28.5%","26.9%"
"Active - 150-599 MVPA","Geography","Blaby","33.0%","31.7%","29.7%"
"Active - 150-599 MVPA","Geography","Blackburn with Darwen ","26.5%","26.7%","27.8%"
"Active - 150-599 MVPA","Geography","Blackpool ","26.1%","29.5%","31.0%"
"Active - 150-599 MVPA","Geography","Bolsover","23.4%","24.9%","22.9%"
"Active - 150-599 MVPA","Geography","Bolton","27.1%","25.2%","33.2%"
"Active - 150-599 MVPA","Geography","Boston","27.6%","32.0%","24.6%"
"Active - 150-599 MVPA","Geography","Bournemouth ","36.8%","27.9%","27.7%"
"Active - 150-599 MVPA","Geography","Bracknell Forest ","34.7%","36.7%","33.4%"
"Active - 150-599 MVPA","Geography","Bradford","23.0%","30.5%","31.8%"
"Active - 150-599 MVPA","Geography","Braintree","34.1%","34.5%","29.1%"
"Active - 150-599 MVPA","Geography","Breckland","26.2%","30.0%","28.9%"
"Active - 150-599 MVPA","Geography","Brent","30.2%","30.4%","28.6%"
"Active - 150-599 MVPA","Geography","Brentwood","37.8%","34.0%","37.0%"
"Active - 150-599 MVPA","Geography","Brighton and Hove ","35.5%","34.9%","31.5%"
"Active - 150-599 MVPA","Geography","Bristol, City of, ","32.3%","25.5%","35.9%"
"Active - 150-599 MVPA","Geography","Broadland","31.3%","32.7%","32.6%"
"Active - 150-599 MVPA","Geography","Bromley","37.3%","33.2%","33.7%"
"Active - 150-599 MVPA","Geography","Bromsgrove","34.4%","33.5%","35.1%"
"Active - 150-599 MVPA","Geography","Broxbourne","34.5%","36.7%","33.6%"
"Active - 150-599 MVPA","Geography","Broxtowe","33.1%","39.8%","33.2%"
"Active - 150-599 MVPA","Geography","Burnley","26.2%","25.6%","27.1%"
"Active - 150-599 MVPA","Geography","Bury","28.2%","30.0%","29.1%"
"Active - 150-599 MVPA","Geography","Calderdale","26.2%","29.8%","27.8%"
"Active - 150-599 MVPA","Geography","Cambridge","39.7%","33.8%","47.3%"
"Active - 150-599 MVPA","Geography","Camden","27.9%","32.0%","29.9%"
"Active - 150-599 MVPA","Geography","Cannock Chase","25.9%","27.7%","28.1%"
"Active - 150-599 MVPA","Geography","Canterbury","29.4%","25.9%","24.5%"
"Active - 150-599 MVPA","Geography","Carlisle","29.4%","28.5%","25.5%"
"Active - 150-599 MVPA","Geography","Castle Point","32.3%","31.2%","29.3%"
"Active - 150-599 MVPA","Geography","Central Bedfordshire","29.8%","33.0%","35.9%"
"Active - 150-599 MVPA","Geography","Charnwood","30.6%","24.5%","33.2%"
"Active - 150-599 MVPA","Geography","Chelmsford","30.5%","33.8%","34.9%"
"Active - 150-599 MVPA","Geography","Cheltenham","34.2%","34.3%","34.1%"
"Active - 150-599 MVPA","Geography","Cherwell","31.8%","35.8%","32.7%"
"Active - 150-599 MVPA","Geography","Cheshire East","35.6%","28.9%","31.5%"
"Active - 150-599 MVPA","Geography","Cheshire West and Chester","29.1%","31.1%","34.5%"
"Active - 150-599 MVPA","Geography","Chesterfield","31.3%","31.7%","24.2%"
"Active - 150-599 MVPA","Geography","Chichester","37.4%","31.8%","30.3%"
"Active - 150-599 MVPA","Geography","Chiltern","33.4%","31.5%","36.1%"
"Active - 150-599 MVPA","Geography","Chorley","31.2%","36.2%","34.0%"
"Active - 150-599 MVPA","Geography","Christchurch","27.9%","30.0%","32.5%"
"Active - 150-599 MVPA","Geography","City of London","*","*","*"
"Active - 150-599 MVPA","Geography","Colchester","29.1%","33.7%","31.9%"
"Active - 150-599 MVPA","Geography","Copeland","22.4%","24.6%","27.2%"
"Active - 150-599 MVPA","Geography","Corby","30.8%","28.5%","29.2%"
"Active - 150-599 MVPA","Geography","Cornwall","24.6%","30.8%","28.7%"
"Active - 150-599 MVPA","Geography","Cotswold","32.3%","30.0%","30.0%"
"Active - 150-599 MVPA","Geography","County Durham","25.8%","27.7%","31.7%"
"Active - 150-599 MVPA","Geography","Coventry","28.3%","29.8%","36.2%"
"Active - 150-599 MVPA","Geography","Craven","27.4%","30.9%","37.6%"
"Active - 150-599 MVPA","Geography","Crawley","28.3%","32.0%","30.9%"
"Active - 150-599 MVPA","Geography","Croydon","32.0%","31.2%","33.7%"
"Active - 150-599 MVPA","Geography","Dacorum","32.1%","29.9%","35.0%"
"Active - 150-599 MVPA","Geography","Darlington","25.1%","28.1%","30.1%"
"Active - 150-599 MVPA","Geography","Dartford","29.0%","29.0%","27.6%"
"Active - 150-599 MVPA","Geography","Daventry","37.7%","34.4%","36.5%"
"Active - 150-599 MVPA","Geography","Derby","28.1%","30.7%","32.9%"
"Active - 150-599 MVPA","Geography","Derbyshire Dales","29.4%","33.6%","31.0%"
"Active - 150-599 MVPA","Geography","Doncaster","28.0%","28.9%","26.6%"
"Active - 150-599 MVPA","Geography","Dover","29.1%","26.9%","31.0%"
"Active - 150-599 MVPA","Geography","Dudley","25.3%","27.8%","29.0%"
"Active - 150-599 MVPA","Geography","Ealing","26.7%","27.0%","32.4%"
"Active - 150-599 MVPA","Geography","East Cambridgeshire","32.6%","33.0%","30.5%"
"Active - 150-599 MVPA","Geography","East Devon","29.2%","35.1%","31.3%"
"Active - 150-599 MVPA","Geography","East Dorset","33.1%","28.1%","32.8%"
"Active - 150-599 MVPA","Geography","East Hampshire","30.6%","26.7%","34.1%"
"Active - 150-599 MVPA","Geography","East Hertfordshire","33.8%","40.7%","34.8%"
"Active - 150-599 MVPA","Geography","East Lindsey","26.2%","30.4%","26.9%"
"Active - 150-599 MVPA","Geography","East Northamptonshire","28.4%","30.2%","36.9%"
"Active - 150-599 MVPA","Geography","East Riding of Yorkshire","34.1%","33.3%","31.0%"
"Active - 150-599 MVPA","Geography","East Staffordshire","31.3%","28.8%","28.4%"
"Active - 150-599 MVPA","Geography","Eastbourne","31.2%","28.4%","32.3%"
"Active - 150-599 MVPA","Geography","Eastleigh","32.4%","32.9%","29.3%"
"Active - 150-599 MVPA","Geography","Eden","25.8%","31.7%","24.9%"
"Active - 150-599 MVPA","Geography","Elmbridge","33.1%","34.6%","35.1%"
"Active - 150-599 MVPA","Geography","Enfield","36.1%","31.0%","34.0%"
"Active - 150-599 MVPA","Geography","Epping Forest","30.0%","35.9%","35.3%"
"Active - 150-599 MVPA","Geography","Epsom and Ewell","31.1%","30.9%","35.8%"
"Active - 150-599 MVPA","Geography","Erewash","29.2%","30.1%","28.5%"
"Active - 150-599 MVPA","Geography","Exeter","33.8%","31.3%","31.9%"
"Active - 150-599 MVPA","Geography","Fareham","31.5%","33.3%","29.7%"
"Active - 150-599 MVPA","Geography","Fenland","28.2%","30.2%","28.6%"
"Active - 150-599 MVPA","Geography","Forest Heath","30.8%","28.4%","29.9%"
"Active - 150-599 MVPA","Geography","Forest of Dean","32.4%","29.2%","35.8%"
"Active - 150-599 MVPA","Geography","Fylde","24.4%","29.5%","31.0%"
"Active - 150-599 MVPA","Geography","Gateshead","28.6%","28.9%","28.4%"
"Active - 150-599 MVPA","Geography","Gedling","27.5%","36.2%","33.6%"
"Active - 150-599 MVPA","Geography","Gloucester","28.2%","29.0%","31.9%"
"Active - 150-599 MVPA","Geography","Gosport","29.3%","24.2%","29.4%"
"Active - 150-599 MVPA","Geography","Gravesham","30.0%","30.0%","31.6%"
"Active - 150-599 MVPA","Geography","Great Yarmouth","27.0%","30.9%","24.2%"
"Active - 150-599 MVPA","Geography","Greenwich","30.5%","26.4%","34.1%"
"Active - 150-599 MVPA","Geography","Guildford","35.8%","35.1%","33.3%"
"Active - 150-599 MVPA","Geography","Hackney","29.0%","31.3%","26.6%"
"Active - 150-599 MVPA","Geography","Halton","26.4%","25.3%","27.8%"
"Active - 150-599 MVPA","Geography","Hambleton","32.7%","31.3%","29.7%"
"Active - 150-599 MVPA","Geography","Hammersmith and Fulham","36.4%","32.2%","34.0%"
"Active - 150-599 MVPA","Geography","Harborough","31.1%","35.2%","32.2%"
"Active - 150-599 MVPA","Geography","Haringey","37.4%","33.0%","33.1%"
"Active - 150-599 MVPA","Geography","Harlow","25.9%","24.7%","28.3%"
"Active - 150-599 MVPA","Geography","Harrogate","29.6%","29.9%","31.5%"
"Active - 150-599 MVPA","Geography","Harrow","33.2%","31.1%","31.4%"
"Active - 150-599 MVPA","Geography","Hart","33.6%","35.3%","32.0%"
"Active - 150-599 MVPA","Geography","Hartlepool","27.1%","27.5%","28.5%"
"Active - 150-599 MVPA","Geography","Hastings","29.7%","32.1%","24.6%"
"Active - 150-599 MVPA","Geography","Havant","28.2%","25.5%","29.1%"
"Active - 150-599 MVPA","Geography","Havering","26.2%","30.3%","36.7%"
"Active - 150-599 MVPA","Geography","Herefordshire (County of)","30.0%","33.4%","31.2%"
"Active - 150-599 MVPA","Geography","Hertsmere","38.3%","34.3%","30.4%"
"Active - 150-599 MVPA","Geography","High Peak","32.2%","31.5%","34.6%"
"Active - 150-599 MVPA","Geography","Hillingdon","34.9%","32.5%","34.2%"
"Active - 150-599 MVPA","Geography","Hinckley and Bosworth","37.8%","27.9%","31.9%"
"Active - 150-599 MVPA","Geography","Horsham","33.4%","33.0%","37.2%"
"Active - 150-599 MVPA","Geography","Hounslow","31.4%","28.9%","31.6%"
"Active - 150-599 MVPA","Geography","Huntingdonshire","33.2%","34.5%","34.1%"
"Active - 150-599 MVPA","Geography","Hyndburn","24.8%","26.7%","28.1%"
"Active - 150-599 MVPA","Geography","Ipswich","29.5%","29.8%","27.8%"
"Active - 150-599 MVPA","Geography","Isle of Wight ","30.8%","32.0%","28.1%"
"Active - 150-599 MVPA","Geography","Isles of Scilly","*","34.2%","40.7%"
"Active - 150-599 MVPA","Geography","Islington","37.7%","35.6%","32.5%"
"Active - 150-599 MVPA","Geography","Kensington and Chelsea","35.0%","33.3%","29.3%"
"Active - 150-599 MVPA","Geography","Kettering","32.1%","31.7%","27.8%"
"Active - 150-599 MVPA","Geography","King's Lynn and West Norfolk","31.1%","29.6%","25.3%"
"Active - 150-599 MVPA","Geography","Kingston upon Hull, City of","22.0%","26.2%","32.7%"
"Active - 150-599 MVPA","Geography","Kingston upon Thames","32.3%","34.6%","33.3%"
"Active - 150-599 MVPA","Geography","Kirklees","31.6%","26.5%","27.5%"
"Active - 150-599 MVPA","Geography","Knowsley","27.8%","29.0%","24.6%"
"Active - 150-599 MVPA","Geography","Lambeth","30.0%","35.7%","31.5%"
"Active - 150-599 MVPA","Geography","Lancaster","29.1%","24.8%","28.9%"
"Active - 150-599 MVPA","Geography","Leeds","32.8%","32.1%","35.7%"
"Active - 150-599 MVPA","Geography","Leicester","27.3%","22.3%","28.9%"
"Active - 150-599 MVPA","Geography","Lewes","33.8%","33.3%","32.7%"
"Active - 150-599 MVPA","Geography","Lewisham","28.2%","32.7%","31.7%"
"Active - 150-599 MVPA","Geography","Lichfield","28.0%","34.2%","31.6%"
"Active - 150-599 MVPA","Geography","Lincoln","32.7%","29.5%","31.9%"
"Active - 150-599 MVPA","Geography","Liverpool","26.3%","28.9%","28.0%"
"Active - 150-599 MVPA","Geography","Luton","28.8%","29.4%","29.4%"
"Active - 150-599 MVPA","Geography","Maidstone","35.4%","29.7%","35.4%"
"Active - 150-599 MVPA","Geography","Maldon","34.3%","33.2%","23.4%"
"Active - 150-599 MVPA","Geography","Malvern Hills","30.4%","31.6%","30.1%"
"Active - 150-599 MVPA","Geography","Manchester","29.2%","29.4%","29.7%"
"Active - 150-599 MVPA","Geography","Mansfield","24.5%","24.5%","28.8%"
"Active - 150-599 MVPA","Geography","Medway ","32.2%","23.7%","29.2%"
"Active - 150-599 MVPA","Geography","Melton","27.8%","28.7%","30.9%"
"Active - 150-599 MVPA","Geography","Mendip","27.8%","35.7%","32.0%"
"Active - 150-599 MVPA","Geography","Merton","34.2%","35.7%","34.9%"
"Active - 150-599 MVPA","Geography","Mid Devon","32.3%","34.3%","33.9%"
"Active - 150-599 MVPA","Geography","Mid Suffolk","32.1%","35.7%","29.7%"
"Active - 150-599 MVPA","Geography","Mid Sussex","33.9%","28.9%","38.1%"
"Active - 150-599 MVPA","Geography","Middlesbrough","24.6%","28.5%","25.6%"
"Active - 150-599 MVPA","Geography","Milton Keynes ","29.8%","28.6%","33.6%"
"Active - 150-599 MVPA","Geography","Mole Valley","30.8%","31.3%","33.9%"
"Active - 150-599 MVPA","Geography","New Forest","27.9%","26.8%","32.9%"
"Active - 150-599 MVPA","Geography","Newark and Sherwood","29.5%","29.2%","33.6%"
"Active - 150-599 MVPA","Geography","Newcastle upon Tyne","32.9%","28.7%","31.0%"
"Active - 150-599 MVPA","Geography","Newcastle-under-Lyme","30.2%","35.0%","30.1%"
"Active - 150-599 MVPA","Geography","Newham","32.0%","25.2%","32.3%"
"Active - 150-599 MVPA","Geography","North Devon","26.9%","31.6%","25.5%"
"Active - 150-599 MVPA","Geography","North Dorset","35.4%","33.0%","29.6%"
"Active - 150-599 MVPA","Geography","North East Derbyshire","31.1%","26.4%","30.7%"
"Active - 150-599 MVPA","Geography","North East Lincolnshire","27.5%","26.1%","31.1%"
"Active - 150-599 MVPA","Geography","North Hertfordshire","30.6%","36.5%","30.0%"
"Active - 150-599 MVPA","Geography","North Kesteven","34.0%","32.8%","33.0%"
"Active - 150-599 MVPA","Geography","North Lincolnshire","29.6%","27.4%","26.6%"
"Active - 150-599 MVPA","Geography","North Norfolk","27.4%","30.8%","28.4%"
"Active - 150-599 MVPA","Geography","North Somerset ","35.6%","28.2%","34.5%"
"Active - 150-599 MVPA","Geography","North Tyneside","30.4%","32.7%","28.5%"
"Active - 150-599 MVPA","Geography","North Warwickshire","29.4%","32.2%","30.8%"
"Active - 150-599 MVPA","Geography","North West Leicestershire","31.0%","31.6%","35.6%"
"Active - 150-599 MVPA","Geography","Northampton","35.2%","32.4%","31.7%"
"Active - 150-599 MVPA","Geography","Northumberland","31.0%","27.6%","25.7%"
"Active - 150-599 MVPA","Geography","Norwich","31.5%","29.3%","35.9%"
"Active - 150-599 MVPA","Geography","Nottingham City","26.9%","24.9%","29.8%"
"Active - 150-599 MVPA","Geography","Nuneaton and Bedworth","29.3%","29.1%","33.8%"
"Active - 150-599 MVPA","Geography","Oadby and Wigston","28.5%","33.1%","36.8%"
"Active - 150-599 MVPA","Geography","Oldham","26.5%","31.5%","27.4%"
"Active - 150-599 MVPA","Geography","Oxford","32.7%","35.0%","37.4%"
"Active - 150-599 MVPA","Geography","Pendle","25.9%","24.5%","25.0%"
"Active - 150-599 MVPA","Geography","Peterborough","31.9%","28.6%","27.4%"
"Active - 150-599 MVPA","Geography","Plymouth","32.2%","24.0%","22.5%"
"Active - 150-599 MVPA","Geography","Poole ","25.3%","29.5%","27.3%"
"Active - 150-599 MVPA","Geography","Portsmouth ","27.8%","23.4%","37.0%"
"Active - 150-599 MVPA","Geography","Preston","27.2%","30.3%","28.4%"
"Active - 150-599 MVPA","Geography","Purbeck","26.0%","34.9%","32.2%"
"Active - 150-599 MVPA","Geography","Reading ","32.9%","29.3%","34.4%"
"Active - 150-599 MVPA","Geography","Redbridge","31.2%","28.9%","30.3%"
"Active - 150-599 MVPA","Geography","Redcar & Cleveland","24.3%","29.5%","26.2%"
"Active - 150-599 MVPA","Geography","Redditch","27.2%","33.1%","35.2%"
"Active - 150-599 MVPA","Geography","Reigate and Banstead","28.0%","35.5%","32.9%"
"Active - 150-599 MVPA","Geography","Ribble Valley","33.2%","33.2%","33.7%"
"Active - 150-599 MVPA","Geography","Richmond upon Thames","38.6%","34.4%","41.2%"
"Active - 150-599 MVPA","Geography","Richmondshire","28.6%","30.1%","32.6%"
"Active - 150-599 MVPA","Geography","Rochdale","28.5%","29.0%","26.9%"
"Active - 150-599 MVPA","Geography","Rochford","28.0%","29.1%","32.2%"
"Active - 150-599 MVPA","Geography","Rossendale","31.2%","29.7%","35.9%"
"Active - 150-599 MVPA","Geography","Rother","31.5%","25.8%","33.7%"
"Active - 150-599 MVPA","Geography","Rotherham","32.0%","27.3%","25.2%"
"Active - 150-599 MVPA","Geography","Rugby","28.6%","34.8%","32.8%"
"Active - 150-599 MVPA","Geography","Runnymede","29.8%","31.2%","38.9%"
"Active - 150-599 MVPA","Geography","Rushcliffe","39.7%","29.0%","36.1%"
"Active - 150-599 MVPA","Geography","Rushmoor","31.4%","29.4%","32.7%"
"Active - 150-599 MVPA","Geography","Rutland","32.9%","34.6%","29.2%"
"Active - 150-599 MVPA","Geography","Ryedale","30.4%","27.4%","32.5%"
"Active - 150-599 MVPA","Geography","Salford","24.4%","26.7%","26.3%"
"Active - 150-599 MVPA","Geography","Sandwell","24.7%","25.5%","31.7%"
"Active - 150-599 MVPA","Geography","Scarborough","26.5%","28.9%","28.1%"
"Active - 150-599 MVPA","Geography","Sedgemoor","28.1%","30.8%","31.2%"
"Active - 150-599 MVPA","Geography","Sefton","30.5%","32.5%","32.3%"
"Active - 150-599 MVPA","Geography","Selby","33.5%","33.9%","32.4%"
"Active - 150-599 MVPA","Geography","Sevenoaks","35.2%","35.3%","34.2%"
"Active - 150-599 MVPA","Geography","Sheffield","29.6%","31.5%","29.2%"
"Active - 150-599 MVPA","Geography","Shepway","25.8%","29.6%","32.9%"
"Active - 150-599 MVPA","Geography","Shropshire","31.2%","31.4%","33.7%"
"Active - 150-599 MVPA","Geography","Slough ","30.1%","31.7%","32.4%"
"Active - 150-599 MVPA","Geography","Solihull","29.5%","37.7%","40.6%"
"Active - 150-599 MVPA","Geography","South Bucks","35.4%","32.0%","33.0%"
"Active - 150-599 MVPA","Geography","South Cambridgeshire","36.4%","33.7%","34.3%"
"Active - 150-599 MVPA","Geography","South Derbyshire","33.3%","33.5%","34.6%"
"Active - 150-599 MVPA","Geography","South Gloucestershire","34.2%","29.6%","38.1%"
"Active - 150-599 MVPA","Geography","South Hams","30.6%","29.3%","30.2%"
"Active - 150-599 MVPA","Geography","South Holland","29.4%","25.4%","31.0%"
"Active - 150-599 MVPA","Geography","South Kesteven","34.9%","33.6%","34.3%"
"Active - 150-599 MVPA","Geography","South Lakeland","27.5%","34.2%","29.9%"
"Active - 150-599 MVPA","Geography","South Norfolk","37.8%","27.4%","30.0%"
"Active - 150-599 MVPA","Geography","South Northamptonshire","33.8%","33.1%","35.5%"
"Active - 150-599 MVPA","Geography","South Oxfordshire","33.8%","30.4%","35.5%"
"Active - 150-599 MVPA","Geography","South Ribble","25.6%","30.8%","26.9%"
"Active - 150-599 MVPA","Geography","South Somerset","29.4%","31.9%","30.3%"
"Active - 150-599 MVPA","Geography","South Staffordshire","32.9%","35.8%","29.6%"
"Active - 150-599 MVPA","Geography","South Tyneside","27.2%","29.0%","26.6%"
"Active - 150-599 MVPA","Geography","Southampton ","29.4%","29.7%","32.6%"
"Active - 150-599 MVPA","Geography","Southend-on-Sea","25.8%","32.2%","32.8%"
"Active - 150-599 MVPA","Geography","Southwark","26.0%","27.7%","36.8%"
"Active - 150-599 MVPA","Geography","Spelthorne","34.8%","30.4%","30.0%"
"Active - 150-599 MVPA","Geography","St. Albans","38.1%","39.0%","37.3%"
"Active - 150-599 MVPA","Geography","St. Edmundsbury","33.9%","32.5%","26.9%"
"Active - 150-599 MVPA","Geography","St. Helens","33.7%","25.6%","29.2%"
"Active - 150-599 MVPA","Geography","Stafford","32.9%","31.0%","28.8%"
"Active - 150-599 MVPA","Geography","Staffordshire Moorlands","31.4%","27.8%","32.1%"
"Active - 150-599 MVPA","Geography","Stevenage","29.0%","26.3%","28.9%"
"Active - 150-599 MVPA","Geography","Stockport","31.8%","31.1%","31.5%"
"Active - 150-599 MVPA","Geography","Stockton-on-Tees","32.4%","33.4%","30.1%"
"Active - 150-599 MVPA","Geography","Stoke-on-Trent","26.4%","23.7%","27.7%"
"Active - 150-599 MVPA","Geography","Stratford-on-Avon","29.9%","33.5%","36.4%"
"Active - 150-599 MVPA","Geography","Stroud","33.0%","27.0%","36.6%"
"Active - 150-599 MVPA","Geography","Suffolk Coastal","32.2%","36.2%","35.4%"
"Active - 150-599 MVPA","Geography","Sunderland","26.8%","29.5%","28.4%"
"Active - 150-599 MVPA","Geography","Surrey Heath","31.2%","32.1%","34.5%"
"Active - 150-599 MVPA","Geography","Sutton","36.2%","33.9%","33.8%"
"Active - 150-599 MVPA","Geography","Swale","30.6%","25.7%","32.3%"
"Active - 150-599 MVPA","Geography","Swindon","30.5%","29.4%","34.8%"
"Active - 150-599 MVPA","Geography","Tameside","26.0%","23.2%","29.8%"
"Active - 150-599 MVPA","Geography","Tamworth","31.1%","30.9%","30.9%"
"Active - 150-599 MVPA","Geography","Tandridge","36.6%","33.3%","35.8%"
"Active - 150-599 MVPA","Geography","Taunton Deane","27.2%","30.0%","26.4%"
"Active - 150-599 MVPA","Geography","Teignbridge","31.8%","33.0%","32.8%"
"Active - 150-599 MVPA","Geography","Telford and Wrekin","28.1%","27.1%","28.4%"
"Active - 150-599 MVPA","Geography","Tendring","27.0%","26.6%","26.5%"
"Active - 150-599 MVPA","Geography","Test Valley","32.6%","29.6%","33.9%"
"Active - 150-599 MVPA","Geography","Tewkesbury","33.7%","34.4%","27.7%"
"Active - 150-599 MVPA","Geography","Thanet","23.5%","25.8%","27.4%"
"Active - 150-599 MVPA","Geography","Three Rivers","36.3%","38.2%","37.9%"
"Active - 150-599 MVPA","Geography","Thurrock","23.8%","29.8%","28.3%"
"Active - 150-599 MVPA","Geography","Tonbridge and Malling","32.5%","30.3%","35.3%"
"Active - 150-599 MVPA","Geography","Torbay ","26.1%","33.2%","31.4%"
"Active - 150-599 MVPA","Geography","Torridge","29.1%","31.8%","31.7%"
"Active - 150-599 MVPA","Geography","Tower Hamlets","30.6%","32.4%","28.1%"
"Active - 150-599 MVPA","Geography","Trafford","35.6%","31.3%","36.1%"
"Active - 150-599 MVPA","Geography","Tunbridge Wells","33.6%","35.0%","33.1%"
"Active - 150-599 MVPA","Geography","Uttlesford","38.3%","38.0%","31.7%"
"Active - 150-599 MVPA","Geography","Vale of White Horse","35.5%","39.3%","35.7%"
"Active - 150-599 MVPA","Geography","Wakefield","31.1%","27.1%","31.5%"
"Active - 150-599 MVPA","Geography","Walsall","26.3%","29.4%","31.1%"
"Active - 150-599 MVPA","Geography","Waltham Forest","29.7%","31.7%","29.0%"
"Active - 150-599 MVPA","Geography","Wandsworth","37.0%","35.3%","35.1%"
"Active - 150-599 MVPA","Geography","Warrington ","34.3%","27.6%","29.6%"
"Active - 150-599 MVPA","Geography","Warwick","30.8%","33.7%","36.6%"
"Active - 150-599 MVPA","Geography","Watford","33.6%","34.6%","35.6%"
"Active - 150-599 MVPA","Geography","Waveney","30.1%","30.4%","34.6%"
"Active - 150-599 MVPA","Geography","Waverley","39.6%","32.0%","39.3%"
"Active - 150-599 MVPA","Geography","Wealden","31.5%","32.3%","33.2%"
"Active - 150-599 MVPA","Geography","Wellingborough","27.9%","32.7%","29.1%"
"Active - 150-599 MVPA","Geography","Welwyn Hatfield","30.9%","33.2%","35.8%"
"Active - 150-599 MVPA","Geography","West Berkshire ","26.9%","32.1%","33.5%"
"Active - 150-599 MVPA","Geography","West Devon","30.1%","27.8%","27.4%"
"Active - 150-599 MVPA","Geography","West Dorset","24.8%","31.1%","34.2%"
"Active - 150-599 MVPA","Geography","West Lancashire","30.0%","27.7%","28.6%"
"Active - 150-599 MVPA","Geography","West Lindsey","30.2%","27.9%","27.4%"
"Active - 150-599 MVPA","Geography","West Oxfordshire","33.8%","30.9%","36.5%"
"Active - 150-599 MVPA","Geography","West Somerset","30.3%","25.5%","28.7%"
"Active - 150-599 MVPA","Geography","Westminster","27.9%","27.4%","31.8%"
"Active - 150-599 MVPA","Geography","Weymouth and Portland","30.3%","28.4%","29.8%"
"Active - 150-599 MVPA","Geography","Wigan","23.9%","28.2%","33.2%"
"Active - 150-599 MVPA","Geography","Wiltshire","33.2%","31.9%","33.1%"
"Active - 150-599 MVPA","Geography","Winchester","34.6%","31.6%","35.8%"
"Active - 150-599 MVPA","Geography","Windsor and Maidenhead ","36.8%","33.5%","32.2%"
"Active - 150-599 MVPA","Geography","Wirral","28.3%","31.1%","35.7%"
"Active - 150-599 MVPA","Geography","Woking","37.3%","31.8%","30.8%"
"Active - 150-599 MVPA","Geography","Wokingham ","39.3%","34.2%","33.3%"
"Active - 150-599 MVPA","Geography","Wolverhampton","29.5%","25.4%","30.3%"
"Active - 150-599 MVPA","Geography","Worcester","30.8%","36.6%","34.7%"
"Active - 150-599 MVPA","Geography","Worthing","30.8%","31.4%","28.0%"
"Active - 150-599 MVPA","Geography","Wychavon","32.6%","32.5%","31.6%"
"Active - 150-599 MVPA","Geography","Wycombe","34.5%","31.4%","34.6%"
"Active - 150-599 MVPA","Geography","Wyre","31.8%","29.0%","29.7%"
"Active - 150-599 MVPA","Geography","Wyre Forest","30.6%","25.4%","26.9%"
"Active - 150-599 MVPA","Geography","York ","32.2%","33.8%","33.1%"
"* Data unavailable, question not asked or insufficient sample size."

"Active - 600+ MVPA","Geography","Adur","17.4%","26.9%","28.0%"
"Active - 600+ MVPA","Geography","Allerdale","24.7%","34.9%","29.5%"
"Active - 600+ MVPA","Geography","Amber Valley","27.4%","29.2%","25.1%"
"Active - 600+ MVPA","Geography","Arun","29.2%","22.0%","21.6%"
"Active - 600+ MVPA","Geography","Ashfield","23.4%","24.3%","21.5%"
"Active - 600+ MVPA","Geography","Ashford","27.4%","23.9%","26.3%"
"Active - 600+ MVPA","Geography","Aylesbury Vale","24.4%","29.3%","29.3%"
"Active - 600+ MVPA","Geography","Babergh","30.8%","28.0%","28.5%"
"Active - 600+ MVPA","Geography","Barking and Dagenham","17.5%","20.5%","21.0%"
"Active - 600+ MVPA","Geography","Barnet","21.0%","24.4%","21.0%"
"Active - 600+ MVPA","Geography","Barnsley","23.6%","24.6%","23.2%"
"Active - 600+ MVPA","Geography","Barrow-in-Furness","27.7%","24.3%","27.9%"
"Active - 600+ MVPA","Geography","Basildon","24.8%","23.6%","25.1%"
"Active - 600+ MVPA","Geography","Basingstoke and Deane","24.9%","20.8%","24.7%"
"Active - 600+ MVPA","Geography","Bassetlaw","26.3%","33.5%","25.6%"
"Active - 600+ MVPA","Geography","Bath and North East Somerset","29.9%","22.9%","28.9%"
"Active - 600+ MVPA","Geography","Bedford","29.8%","30.3%","24.6%"
"Active - 600+ MVPA","Geography","Bexley","23.5%","21.2%","21.5%"
"Active - 600+ MVPA","Geography","Birmingham","18.3%","23.0%","27.2%"
"Active - 600+ MVPA","Geography","Blaby","25.3%","31.6%","29.8%"
"Active - 600+ MVPA","Geography","Blackburn with Darwen ","20.9%","24.7%","21.0%"
"Active - 600+ MVPA","Geography","Blackpool ","21.1%","17.6%","21.5%"
"Active - 600+ MVPA","Geography","Bolsover","26.8%","27.1%","22.0%"
"Active - 600+ MVPA","Geography","Bolton","24.4%","23.8%","26.8%"
"Active - 600+ MVPA","Geography","Boston","21.0%","18.2%","30.0%"
"Active - 600+ MVPA","Geography","Bournemouth ","24.9%","29.4%","27.3%"
"Active - 600+ MVPA","Geography","Bracknell Forest ","24.7%","25.8%","26.3%"
"Active - 600+ MVPA","Geography","Bradford","24.9%","23.0%","18.8%"
"Active - 600+ MVPA","Geography","Braintree","23.2%","21.7%","25.7%"
"Active - 600+ MVPA","Geography","Breckland","26.1%","26.6%","27.7%"
"Active - 600+ MVPA","Geography","Brent","21.3%","17.7%","23.6%"
"Active - 600+ MVPA","Geography","Brentwood","25.5%","28.8%","25.1%"
"Active - 600+ MVPA","Geography","Brighton and Hove ","27.2%","28.9%","24.7%"
"Active - 600+ MVPA","Geography","Bristol, City of, ","22.2%","32.6%","25.4%"
"Active - 600+ MVPA","Geography","Broadland","29.4%","24.6%","27.0%"
"Active - 600+ MVPA","Geography","Bromley","23.7%","25.5%","26.6%"
"Active - 600+ MVPA","Geography","Bromsgrove","26.1%","27.2%","30.5%"
"Active - 600+ MVPA","Geography","Broxbourne","20.7%","24.5%","22.5%"
"Active - 600+ MVPA","Geography","Broxtowe","22.1%","21.0%","28.3%"
"Active - 600+ MVPA","Geography","Burnley","25.3%","22.2%","20.5%"
"Active - 600+ MVPA","Geography","Bury","23.9%","25.2%","23.1%"
"Active - 600+ MVPA","Geography","Calderdale","23.3%","26.9%","25.2%"
"Active - 600+ MVPA","Geography","Cambridge","24.4%","33.1%","29.4%"
"Active - 600+ MVPA","Geography","Camden","27.7%","29.5%","35.7%"
"Active - 600+ MVPA","Geography","Cannock Chase","26.1%","21.5%","20.1%"
"Active - 600+ MVPA","Geography","Canterbury","29.7%","32.5%","29.2%"
"Active - 600+ MVPA","Geography","Carlisle","23.5%","27.3%","26.8%"
"Active - 600+ MVPA","Geography","Castle Point","28.1%","24.9%","22.5%"
"Active - 600+ MVPA","Geography","Central Bedfordshire","25.9%","20.8%","25.0%"
"Active - 600+ MVPA","Geography","Charnwood","30.1%","29.2%","29.3%"
"Active - 600+ MVPA","Geography","Chelmsford","30.5%","26.0%","27.9%"
"Active - 600+ MVPA","Geography","Cheltenham","25.3%","27.3%","25.4%"
"Active - 600+ MVPA","Geography","Cherwell","26.7%","26.5%","28.1%"
"Active - 600+ MVPA","Geography","Cheshire East","26.1%","27.4%","24.8%"
"Active - 600+ MVPA","Geography","Cheshire West and Chester","26.3%","26.8%","29.4%"
"Active - 600+ MVPA","Geography","Chesterfield","25.1%","21.9%","27.4%"
"Active - 600+ MVPA","Geography","Chichester","21.3%","31.9%","26.8%"
"Active - 600+ MVPA","Geography","Chiltern","27.8%","29.8%","26.4%"
"Active - 600+ MVPA","Geography","Chorley","29.7%","27.1%","26.5%"
"Active - 600+ MVPA","Geography","Christchurch","29.2%","25.7%","27.2%"
"Active - 600+ MVPA","Geography","City of London","*","*","*"
"Active - 600+ MVPA","Geography","Colchester","26.0%","24.7%","32.0%"
"Active - 600+ MVPA","Geography","Copeland","30.9%","30.5%","24.8%"
"Active - 600+ MVPA","Geography","Corby","21.2%","20.1%","30.9%"
"Active - 600+ MVPA","Geography","Cornwall","27.7%","30.1%","29.9%"
"Active - 600+ MVPA","Geography","Cotswold","30.1%","29.8%","34.2%"
"Active - 600+ MVPA","Geography","County Durham","25.5%","23.7%","23.8%"
"Active - 600+ MVPA","Geography","Coventry","19.8%","22.2%","19.2%"
"Active - 600+ MVPA","Geography","Craven","30.2%","27.1%","22.8%"
"Active - 600+ MVPA","Geography","Crawley","29.3%","24.1%","23.2%"
"Active - 600+ MVPA","Geography","Croydon","23.6%","24.8%","23.5%"
"Active - 600+ MVPA","Geography","Dacorum","25.6%","21.1%","22.5%"
"Active - 600+ MVPA","Geography","Darlington","27.7%","24.8%","25.8%"
"Active - 600+ MVPA","Geography","Dartford","23.3%","27.6%","28.2%"
"Active - 600+ MVPA","Geography","Daventry","22.2%","27.3%","26.0%"
"Active - 600+ MVPA","Geography","Derby","25.8%","26.1%","26.0%"
"Active - 600+ MVPA","Geography","Derbyshire Dales","30.4%","29.9%","29.4%"
"Active - 600+ MVPA","Geography","Doncaster","24.7%","26.2%","24.2%"
"Active - 600+ MVPA","Geography","Dover","26.7%","27.9%","30.0%"
"Active - 600+ MVPA","Geography","Dudley","21.6%","19.5%","24.4%"
"Active - 600+ MVPA","Geography","Ealing","25.2%","22.6%","23.5%"
"Active - 600+ MVPA","Geography","East Cambridgeshire","23.4%","24.6%","27.5%"
"Active - 600+ MVPA","Geography","East Devon","26.0%","28.6%","28.9%"
"Active - 600+ MVPA","Geography","East Dorset","24.1%","32.7%","31.6%"
"Active - 600+ MVPA","Geography","East Hampshire","29.0%","32.6%","31.6%"
"Active - 600+ MVPA","Geography","East Hertfordshire","24.4%","29.0%","26.6%"
"Active - 600+ MVPA","Geography","East Lindsey","22.6%","24.9%","30.5%"
"Active - 600+ MVPA","Geography","East Northamptonshire","27.9%","26.1%","19.9%"
"Active - 600+ MVPA","Geography","East Riding of Yorkshire","23.9%","26.2%","28.2%"
"Active - 600+ MVPA","Geography","East Staffordshire","27.2%","27.0%","27.1%"
"Active - 600+ MVPA","Geography","Eastbourne","23.3%","24.7%","27.1%"
"Active - 600+ MVPA","Geography","Eastleigh","24.0%","27.1%","21.5%"
"Active - 600+ MVPA","Geography","Eden","31.4%","29.4%","33.3%"
"Active - 600+ MVPA","Geography","Elmbridge","24.6%","26.8%","29.8%"
"Active - 600+ MVPA","Geography","Enfield","22.5%","21.4%","19.7%"
"Active - 600+ MVPA","Geography","Epping Forest","26.5%","27.2%","21.4%"
"Active - 600+ MVPA","Geography","Epsom and Ewell","27.8%","28.2%","23.3%"
"Active - 600+ MVPA","Geography","Erewash","25.3%","22.2%","28.1%"
"Active - 600+ MVPA","Geography","Exeter","28.4%","26.0%","32.1%"
"Active - 600+ MVPA","Geography","Fareham","24.7%","27.3%","30.7%"
"Active - 600+ MVPA","Geography","Fenland","21.9%","20.9%","23.5%"
"Active - 600+ MVPA","Geography","Forest Heath","23.5%","27.8%","28.1%"
"Active - 600+ MVPA","Geography","Forest of Dean","29.5%","24.1%","28.0%"
"Active - 600+ MVPA","Geography","Fylde","25.8%","26.6%","21.9%"
"Active - 600+ MVPA","Geography","Gateshead","21.2%","25.6%","27.3%"
"Active - 600+ MVPA","Geography","Gedling","26.2%","28.2%","29.5%"
"Active - 600+ MVPA","Geography","Gloucester","26.8%","20.9%","21.9%"
"Active - 600+ MVPA","Geography","Gosport","23.3%","22.7%","27.2%"
"Active - 600+ MVPA","Geography","Gravesham","25.3%","29.0%","23.9%"
"Active - 600+ MVPA","Geography","Great Yarmouth","22.0%","24.1%","29.3%"
"Active - 600+ MVPA","Geography","Greenwich","22.4%","27.9%","22.4%"
"Active - 600+ MVPA","Geography","Guildford","22.8%","27.7%","31.0%"
"Active - 600+ MVPA","Geography","Hackney","27.9%","28.5%","32.9%"
"Active - 600+ MVPA","Geography","Halton","23.1%","26.2%","20.6%"
"Active - 600+ MVPA","Geography","Hambleton","29.8%","26.7%","31.3%"
"Active - 600+ MVPA","Geography","Hammersmith and Fulham","27.5%","31.8%","30.2%"
"Active - 600+ MVPA","Geography","Harborough","31.5%","28.2%","29.5%"
"Active - 600+ MVPA","Geography","Haringey","22.9%","25.5%","26.0%"
"Active - 600+ MVPA","Geography","Harlow","22.1%","24.9%","23.7%"
"Active - 600+ MVPA","Geography","Harrogate","30.2%","27.2%","27.8%"
"Active - 600+ MVPA","Geography","Harrow","20.3%","20.5%","20.1%"
"Active - 600+ MVPA","Geography","Hart","29.0%","25.6%","28.7%"
"Active - 600+ MVPA","Geography","Hartlepool","21.5%","19.6%","22.6%"
"Active - 600+ MVPA","Geography","Hastings","26.5%","22.6%","30.9%"
"Active - 600+ MVPA","Geography","Havant","22.0%","24.7%","21.3%"
"Active - 600+ MVPA","Geography","Havering","28.9%","20.2%","20.4%"
"Active - 600+ MVPA","Geography","Herefordshire (County of)","26.4%","27.0%","30.1%"
"Active - 600+ MVPA","Geography","Hertsmere","17.9%","25.5%","20.3%"
"Active - 600+ MVPA","Geography","High Peak","26.0%","25.9%","27.0%"
"Active - 600+ MVPA","Geography","Hillingdon","21.2%","24.9%","20.7%"
"Active - 600+ MVPA","Geography","Hinckley and Bosworth","23.1%","29.1%","24.0%"
"Active - 600+ MVPA","Geography","Horsham","30.0%","28.2%","26.6%"
"Active - 600+ MVPA","Geography","Hounslow","22.8%","23.0%","24.6%"
"Active - 600+ MVPA","Geography","Huntingdonshire","28.1%","25.7%","28.7%"
"Active - 600+ MVPA","Geography","Hyndburn","21.4%","20.7%","26.2%"
"Active - 600+ MVPA","Geography","Ipswich","24.4%","25.8%","26.5%"
"Active - 600+ MVPA","Geography","Isle of Wight ","25.7%","23.9%","25.2%"
"Active - 600+ MVPA","Geography","Isles of Scilly","*","*","*"
"Active - 600+ MVPA","Geography","Islington","23.6%","26.4%","33.8%"
"Active - 600+ MVPA","Geography","Kensington and Chelsea","30.0%","24.2%","26.8%"
"Active - 600+ MVPA","Geography","Kettering","26.3%","22.7%","25.4%"
"Active - 600+ MVPA","Geography","King's Lynn and West Norfolk","24.8%","27.1%","31.2%"
"Active - 600+ MVPA","Geography","Kingston upon Hull, City of","20.8%","23.5%","24.7%"
"Active - 600+ MVPA","Geography","Kingston upon Thames","23.4%","28.4%","27.3%"
"Active - 600+ MVPA","Geography","Kirklees","23.5%","23.3%","20.6%"
"Active - 600+ MVPA","Geography","Knowsley","22.7%","21.0%","21.1%"
"Active - 600+ MVPA","Geography","Lambeth","33.5%","31.3%","32.6%"
"Active - 600+ MVPA","Geography","Lancaster","27.0%","27.5%","31.6%"
"Active - 600+ MVPA","Geography","Leeds","25.0%","25.6%","28.0%"
"Active - 600+ MVPA","Geography","Leicester","20.5%","26.1%","23.2%"
"Active - 600+ MVPA","Geography","Lewes","28.4%","26.9%","27.4%"
"Active - 600+ MVPA","Geography","Lewisham","25.6%","25.4%","25.4%"
"Active - 600+ MVPA","Geography","Lichfield","30.9%","24.5%","25.0%"
"Active - 600+ MVPA","Geography","Lincoln","24.8%","26.8%","21.8%"
"Active - 600+ MVPA","Geography","Liverpool","23.4%","20.6%","19.6%"
"Active - 600+ MVPA","Geography","Luton","18.7%","22.9%","15.8%"
"Active - 600+ MVPA","Geography","Maidstone","24.1%","29.0%","23.9%"
"Active - 600+ MVPA","Geography","Maldon","26.6%","28.4%","36.9%"
"Active - 600+ MVPA","Geography","Malvern Hills","31.3%","27.0%","31.5%"
"Active - 600+ MVPA","Geography","Manchester","20.2%","28.4%","23.7%"
"Active - 600+ MVPA","Geography","Mansfield","27.4%","25.7%","24.6%"
"Active - 600+ MVPA","Geography","Medway ","20.7%","24.8%","25.0%"
"Active - 600+ MVPA","Geography","Melton","35.4%","27.4%","27.5%"
"Active - 600+ MVPA","Geography","Mendip","31.4%","25.9%","26.2%"
"Active - 600+ MVPA","Geography","Merton","19.7%","24.1%","25.6%"
"Active - 600+ MVPA","Geography","Mid Devon","25.4%","23.9%","28.5%"
"Active - 600+ MVPA","Geography","Mid Suffolk","24.7%","27.1%","26.3%"
"Active - 600+ MVPA","Geography","Mid Sussex","26.0%","25.0%","23.8%"
"Active - 600+ MVPA","Geography","Middlesbrough","27.8%","20.8%","27.1%"
"Active - 600+ MVPA","Geography","Milton Keynes ","26.4%","28.2%","25.1%"
"Active - 600+ MVPA","Geography","Mole Valley","28.7%","30.0%","29.9%"
"Active - 600+ MVPA","Geography","New Forest","38.2%","34.3%","27.7%"
"Active - 600+ MVPA","Geography","Newark and Sherwood","27.3%","25.1%","28.8%"
"Active - 600+ MVPA","Geography","Newcastle upon Tyne","23.5%","26.5%","27.9%"
"Active - 600+ MVPA","Geography","Newcastle-under-Lyme","23.0%","23.5%","21.6%"
"Active - 600+ MVPA","Geography","Newham","18.2%","18.3%","18.1%"
"Active - 600+ MVPA","Geography","North Devon","27.2%","27.8%","33.8%"
"Active - 600+ MVPA","Geography","North Dorset","25.9%","27.4%","28.9%"
"Active - 600+ MVPA","Geography","North East Derbyshire","24.9%","27.9%","24.3%"
"Active - 600+ MVPA","Geography","North East Lincolnshire","27.4%","26.0%","26.3%"
"Active - 600+ MVPA","Geography","North Hertfordshire","26.1%","27.3%","32.2%"
"Active - 600+ MVPA","Geography","North Kesteven","25.2%","29.3%","26.4%"
"Active - 600+ MVPA","Geography","North Lincolnshire","25.0%","21.8%","26.8%"
"Active - 600+ MVPA","Geography","North Norfolk","26.2%","26.9%","23.5%"
"Active - 600+ MVPA","Geography","North Somerset ","20.2%","29.0%","27.3%"
"Active - 600+ MVPA","Geography","North Tyneside","28.7%","22.4%","28.3%"
"Active - 600+ MVPA","Geography","North Warwickshire","26.7%","28.8%","26.7%"
"Active - 600+ MVPA","Geography","North West Leicestershire","27.9%","24.4%","22.1%"
"Active - 600+ MVPA","Geography","Northampton","19.6%","23.2%","27.4%"
"Active - 600+ MVPA","Geography","Northumberland","26.3%","24.2%","24.2%"
"Active - 600+ MVPA","Geography","Norwich","28.2%","30.1%","25.2%"
"Active - 600+ MVPA","Geography","Nottingham City","24.4%","27.4%","26.7%"
"Active - 600+ MVPA","Geography","Nuneaton and Bedworth","22.3%","24.2%","18.4%"
"Active - 600+ MVPA","Geography","Oadby and Wigston","25.4%","26.0%","25.8%"
"Active - 600+ MVPA","Geography","Oldham","19.4%","19.2%","17.9%"
"Active - 600+ MVPA","Geography","Oxford","29.4%","27.9%","28.5%"
"Active - 600+ MVPA","Geography","Pendle","24.9%","24.8%","23.6%"
"Active - 600+ MVPA","Geography","Peterborough","24.3%","26.0%","24.7%"
"Active - 600+ MVPA","Geography","Plymouth","25.0%","27.8%","28.5%"
"Active - 600+ MVPA","Geography","Poole ","26.6%","32.6%","34.4%"
"Active - 600+ MVPA","Geography","Portsmouth ","22.4%","27.7%","24.1%"
"Active - 600+ MVPA","Geography","Preston","25.0%","22.7%","28.8%"
"Active - 600+ MVPA","Geography","Purbeck","29.2%","26.2%","21.6%"
"Active - 600+ MVPA","Geography","Reading ","26.6%","27.2%","20.3%"
"Active - 600+ MVPA","Geography","Redbridge","21.5%","23.4%","18.0%"
"Active - 600+ MVPA","Geography","Redcar & Cleveland","28.9%","26.2%","23.4%"
"Active - 600+ MVPA","Geography","Redditch","25.3%","26.2%","23.2%"
"Active - 600+ MVPA","Geography","Reigate and Banstead","29.4%","30.4%","30.4%"
"Active - 600+ MVPA","Geography","Ribble Valley","26.0%","29.4%","29.4%"
"Active - 600+ MVPA","Geography","Richmond upon Thames","28.8%","32.0%","30.0%"
"Active - 600+ MVPA","Geography","Richmondshire","29.1%","36.3%","28.4%"
"Active - 600+ MVPA","Geography","Rochdale","22.6%","22.1%","21.9%"
"Active - 600+ MVPA","Geography","Rochford","27.5%","28.0%","22.8%"
"Active - 600+ MVPA","Geography","Rossendale","20.4%","23.6%","22.9%"
"Active - 600+ MVPA","Geography","Rother","29.3%","27.9%","23.9%"
"Active - 600+ MVPA","Geography","Rotherham","19.3%","23.1%","27.0%"
"Active - 600+ MVPA","Geography","Rugby","25.0%","24.1%","26.5%"
"Active - 600+ MVPA","Geography","Runnymede","28.0%","31.3%","20.7%"
"Active - 600+ MVPA","Geography","Rushcliffe","25.8%","31.2%","26.5%"
"Active - 600+ MVPA","Geography","Rushmoor","27.7%","23.5%","25.4%"
"Active - 600+ MVPA","Geography","Rutland","27.7%","31.3%","35.4%"
"Active - 600+ MVPA","Geography","Ryedale","30.1%","29.8%","33.1%"
"Active - 600+ MVPA","Geography","Salford","20.2%","21.7%","24.2%"
"Active - 600+ MVPA","Geography","Sandwell","18.3%","18.2%","15.4%"
"Active - 600+ MVPA","Geography","Scarborough","20.7%","33.9%","23.3%"
"Active - 600+ MVPA","Geography","Sedgemoor","25.9%","23.3%","24.8%"
"Active - 600+ MVPA","Geography","Sefton","21.0%","22.9%","24.7%"
"Active - 600+ MVPA","Geography","Selby","25.9%","30.6%","28.0%"
"Active - 600+ MVPA","Geography","Sevenoaks","28.7%","27.4%","28.6%"
"Active - 600+ MVPA","Geography","Sheffield","22.0%","26.8%","30.4%"
"Active - 600+ MVPA","Geography","Shepway","22.7%","27.3%","26.3%"
"Active - 600+ MVPA","Geography","Shropshire","25.8%","29.2%","29.5%"
"Active - 600+ MVPA","Geography","Slough ","18.5%","21.0%","20.2%"
"Active - 600+ MVPA","Geography","Solihull","26.3%","21.6%","20.8%"
"Active - 600+ MVPA","Geography","South Bucks","23.7%","30.7%","26.0%"
"Active - 600+ MVPA","Geography","South Cambridgeshire","25.5%","28.0%","33.0%"
"Active - 600+ MVPA","Geography","South Derbyshire","24.7%","25.2%","25.1%"
"Active - 600+ MVPA","Geography","South Gloucestershire","23.9%","27.8%","20.9%"
"Active - 600+ MVPA","Geography","South Hams","32.7%","28.1%","24.2%"
"Active - 600+ MVPA","Geography","South Holland","25.3%","25.8%","23.1%"
"Active - 600+ MVPA","Geography","South Kesteven","24.5%","24.8%","26.4%"
"Active - 600+ MVPA","Geography","South Lakeland","29.3%","28.3%","29.0%"
"Active - 600+ MVPA","Geography","South Norfolk","24.5%","29.6%","28.7%"
"Active - 600+ MVPA","Geography","South Northamptonshire","25.3%","27.3%","29.4%"
"Active - 600+ MVPA","Geography","South Oxfordshire","27.5%","31.6%","27.3%"
"Active - 600+ MVPA","Geography","South Ribble","27.2%","25.4%","28.9%"
"Active - 600+ MVPA","Geography","South Somerset","27.4%","28.3%","30.3%"
"Active - 600+ MVPA","Geography","South Staffordshire","20.2%","25.9%","26.9%"
"Active - 600+ MVPA","Geography","South Tyneside","22.9%","23.6%","22.5%"
"Active - 600+ MVPA","Geography","Southampton ","26.0%","28.9%","22.2%"
"Active - 600+ MVPA","Geography","Southend-on-Sea","27.3%","23.3%","19.3%"
"Active - 600+ MVPA","Geography","Southwark","30.6%","30.4%","25.8%"
"Active - 600+ MVPA","Geography","Spelthorne","22.5%","27.9%","25.8%"
"Active - 600+ MVPA","Geography","St. Albans","27.6%","24.6%","26.4%"
"Active - 600+ MVPA","Geography","St. Edmundsbury","23.9%","24.5%","24.8%"
"Active - 600+ MVPA","Geography","St. Helens","22.7%","21.3%","23.6%"
"Active - 600+ MVPA","Geography","Stafford","23.9%","25.1%","27.8%"
"Active - 600+ MVPA","Geography","Staffordshire Moorlands","25.1%","24.9%","24.6%"
"Active - 600+ MVPA","Geography","Stevenage","23.4%","25.4%","25.1%"
"Active - 600+ MVPA","Geography","Stockport","25.0%","24.2%","25.7%"
"Active - 600+ MVPA","Geography","Stockton-on-Tees","20.4%","25.0%","23.9%"
"Active - 600+ MVPA","Geography","Stoke-on-Trent","23.1%","21.9%","23.9%"
"Active - 600+ MVPA","Geography","Stratford-on-Avon","28.2%","25.9%","23.9%"
"Active - 600+ MVPA","Geography","Stroud","25.7%","33.7%","29.6%"
"Active - 600+ MVPA","Geography","Suffolk Coastal","29.6%","29.5%","25.5%"
"Active - 600+ MVPA","Geography","Sunderland","19.6%","19.5%","20.9%"
"Active - 600+ MVPA","Geography","Surrey Heath","28.5%","27.3%","31.4%"
"Active - 600+ MVPA","Geography","Sutton","24.9%","24.7%","26.0%"
"Active - 600+ MVPA","Geography","Swale","22.1%","25.0%","21.8%"
"Active - 600+ MVPA","Geography","Swindon","21.9%","22.1%","21.1%"
"Active - 600+ MVPA","Geography","Tameside","22.6%","24.4%","20.9%"
"Active - 600+ MVPA","Geography","Tamworth","23.4%","21.4%","17.9%"
"Active - 600+ MVPA","Geography","Tandridge","28.3%","29.2%","29.2%"
"Active - 600+ MVPA","Geography","Taunton Deane","31.4%","28.1%","32.3%"
"Active - 600+ MVPA","Geography","Teignbridge","28.3%","24.1%","27.9%"
"Active - 600+ MVPA","Geography","Telford and Wrekin","23.0%","21.8%","27.2%"
"Active - 600+ MVPA","Geography","Tendring","23.9%","22.9%","28.7%"
"Active - 600+ MVPA","Geography","Test Valley","28.0%","28.2%","25.3%"
"Active - 600+ MVPA","Geography","Tewkesbury","27.0%","28.6%","23.0%"
"Active - 600+ MVPA","Geography","Thanet","27.8%","22.6%","21.4%"
"Active - 600+ MVPA","Geography","Three Rivers","27.6%","14.7%","22.9%"
"Active - 600+ MVPA","Geography","Thurrock","29.4%","22.7%","24.5%"
"Active - 600+ MVPA","Geography","Tonbridge and Malling","28.2%","30.0%","24.5%"
"Active - 600+ MVPA","Geography","Torbay ","26.1%","19.6%","21.0%"
"Active - 600+ MVPA","Geography","Torridge","28.9%","28.6%","29.8%"
"Active - 600+ MVPA","Geography","Tower Hamlets","24.4%","21.7%","27.2%"
"Active - 600+ MVPA","Geography","Trafford","20.4%","24.6%","26.4%"
"Active - 600+ MVPA","Geography","Tunbridge Wells","30.4%","28.3%","24.4%"
"Active - 600+ MVPA","Geography","Uttlesford","23.2%","27.3%","30.1%"
"Active - 600+ MVPA","Geography","Vale of White Horse","23.6%","25.0%","29.6%"
"Active - 600+ MVPA","Geography","Wakefield","24.4%","21.1%","23.0%"
"Active - 600+ MVPA","Geography","Walsall","23.6%","21.2%","18.1%"
"Active - 600+ MVPA","Geography","Waltham Forest","27.1%","27.1%","24.1%"
"Active - 600+ MVPA","Geography","Wandsworth","27.5%","27.7%","31.4%"
"Active - 600+ MVPA","Geography","Warrington ","21.7%","27.1%","23.9%"
"Active - 600+ MVPA","Geography","Warwick","24.2%","29.6%","24.5%"
"Active - 600+ MVPA","Geography","Watford","24.9%","22.0%","21.1%"
"Active - 600+ MVPA","Geography","Waveney","20.4%","25.9%","26.6%"
"Active - 600+ MVPA","Geography","Waverley","24.8%","27.2%","30.0%"
"Active - 600+ MVPA","Geography","Wealden","31.4%","30.3%","29.2%"
"Active - 600+ MVPA","Geography","Wellingborough","26.5%","23.4%","24.2%"
"Active - 600+ MVPA","Geography","Welwyn Hatfield","21.6%","23.7%","21.7%"
"Active - 600+ MVPA","Geography","West Berkshire ","31.1%","23.3%","28.1%"
"Active - 600+ MVPA","Geography","West Devon","31.1%","34.9%","30.4%"
"Active - 600+ MVPA","Geography","West Dorset","27.5%","25.4%","30.1%"
"Active - 600+ MVPA","Geography","West Lancashire","26.3%","26.2%","25.2%"
"Active - 600+ MVPA","Geography","West Lindsey","26.0%","25.4%","27.9%"
"Active - 600+ MVPA","Geography","West Oxfordshire","29.7%","27.8%","23.2%"
"Active - 600+ MVPA","Geography","West Somerset","28.9%","28.5%","26.5%"
"Active - 600+ MVPA","Geography","Westminster","26.9%","30.0%","29.8%"
"Active - 600+ MVPA","Geography","Weymouth and Portland","24.9%","20.7%","27.0%"
"Active - 600+ MVPA","Geography","Wigan","23.2%","22.7%","16.9%"
"Active - 600+ MVPA","Geography","Wiltshire","23.3%","26.3%","30.9%"
"Active - 600+ MVPA","Geography","Winchester","29.0%","28.5%","27.6%"
"Active - 600+ MVPA","Geography","Windsor and Maidenhead ","30.9%","27.1%","30.9%"
"Active - 600+ MVPA","Geography","Wirral","25.8%","26.8%","23.7%"
"Active - 600+ MVPA","Geography","Woking","23.9%","26.1%","28.7%"
"Active - 600+ MVPA","Geography","Wokingham ","26.6%","28.1%","32.7%"
"Active - 600+ MVPA","Geography","Wolverhampton","21.2%","28.7%","23.0%"
"Active - 600+ MVPA","Geography","Worcester","25.7%","21.6%","28.1%"
"Active - 600+ MVPA","Geography","Worthing","21.4%","28.2%","26.4%"
"Active - 600+ MVPA","Geography","Wychavon","27.5%","25.2%","26.0%"
"Active - 600+ MVPA","Geography","Wycombe","22.5%","24.5%","28.3%"
"Active - 600+ MVPA","Geography","Wyre","17.6%","26.9%","22.5%"
"Active - 600+ MVPA","Geography","Wyre Forest","25.5%","31.0%","27.5%"
"Active - 600+ MVPA","Geography","York ","28.2%","32.3%","29.1%"
"* Data unavailable, question not asked or insufficient sample size."